author,tag_id
14,1
14,2
14,4
14,6
14,12
14,18
14,21
14,23
14,24
14,34
14,38
14,39
14,40
14,41
14,45
14,46
14,48
14,50
14,60
14,66
14,67
14,68
14,73
14,74
14,75
14,76
14,81
14,88
14,91
14,93
14,101
14,105
14,127
14,149
14,154
14,155
14,180
14,188
14,281
14,287
14,304
14,305
14,306
14,307
14,308
14,309
14,310
14,311
14,312
14,313
162,2
162,20
162,22
162,23
162,39
162,50
162,65
162,81
162,127
162,144
162,145
162,152
162,153
162,178
162,188
162,256
162,289
162,429
162,527
162,630
162,632
162,1034
162,1396
162,1397
162,1398
113,1
113,2
113,6
113,12
113,14
113,18
113,19
113,24
113,31
113,35
113,45
113,46
113,48
113,60
113,61
113,62
113,68
113,69
113,72
113,73
113,75
113,81
113,85
113,89
113,92
113,101
113,132
113,159
113,179
113,181
113,188
113,210
113,322
113,323
113,324
113,343
113,375
113,408
113,479
113,521
113,582
113,584
113,1132
113,1133
113,1146
113,1201
113,1202
113,1203
113,1204
113,1205
84,1
84,2
84,4
84,6
84,12
84,14
84,18
84,19
84,21
84,24
84,30
84,31
84,41
84,44
84,45
84,61
84,62
84,63
84,67
84,68
84,69
84,70
84,71
84,73
84,74
84,75
84,79
84,81
84,83
84,88
84,101
84,127
84,154
84,165
84,166
84,229
84,308
84,313
84,429
84,432
84,446
84,451
84,832
84,998
84,999
84,1000
84,1001
84,1002
84,1003
84,1004
134,1
134,2
134,6
134,18
134,21
134,22
134,24
134,37
134,38
134,39
134,40
134,49
134,50
134,66
134,67
134,72
134,75
134,78
134,87
134,89
134,92
134,121
134,127
134,137
134,139
134,145
134,150
134,169
134,178
134,187
134,188
134,193
134,286
134,287
134,288
134,406
134,488
134,577
134,618
134,630
134,632
134,633
134,707
134,749
134,820
134,832
134,850
134,1076
134,1161
134,1248
25,1
25,2
25,6
25,11
25,12
25,18
25,21
25,22
25,30
25,45
25,48
25,60
25,61
25,62
25,66
25,67
25,68
25,69
25,70
25,71
25,72
25,73
25,74
25,75
25,76
25,77
25,78
25,79
25,85
25,86
25,87
25,91
25,155
25,188
25,198
25,212
25,215
25,229
25,250
25,288
25,376
25,489
25,490
25,491
25,492
25,493
25,494
25,495
25,496
25,497
183,6
183,40
183,73
183,83
183,93
183,118
183,126
183,149
183,159
183,163
183,188
183,308
183,310
183,484
183,518
183,583
183,592
183,987
183,1200
183,1475
183,1476
198,1
198,2
198,4
198,6
198,18
198,20
198,21
198,24
198,31
198,39
198,40
198,42
198,45
198,46
198,49
198,66
198,67
198,68
198,69
198,70
198,71
198,73
198,74
198,75
198,83
198,85
198,93
198,104
198,118
198,124
198,128
198,149
198,163
198,229
198,263
198,335
198,405
198,518
198,535
198,710
198,787
198,1256
198,1512
198,1513
198,1514
198,1515
198,1516
198,1517
198,1518
198,1519
152,2
152,6
152,21
152,37
152,40
152,93
152,118
152,149
152,261
152,262
152,307
152,310
152,377
152,913
152,914
152,1058
152,1146
152,1300
152,1357
152,1358
12,2
12,6
12,12
12,17
12,21
12,30
12,31
12,37
12,38
12,48
12,50
12,67
12,68
12,69
12,70
12,72
12,77
12,79
12,89
12,91
12,93
12,94
12,126
12,143
12,155
12,156
12,157
12,175
12,182
12,196
12,231
12,234
12,238
12,241
12,244
12,250
12,251
12,252
12,253
12,254
12,255
12,256
12,257
12,258
12,259
12,260
12,261
12,262
12,263
12,264
153,2
153,14
153,24
153,30
153,48
153,49
153,67
153,70
153,73
153,74
153,76
153,78
153,79
153,169
153,215
153,239
153,241
153,242
153,246
153,279
153,437
153,479
153,547
153,623
153,631
153,850
153,1002
153,1058
153,1193
153,1359
153,1360
153,1361
153,1362
153,1363
5289,2
5289,6
5289,22
5289,23
5289,30
5289,70
5289,75
5289,79
5289,99
5289,247
5289,307
5289,543
5289,582
5289,607
5289,659
5289,706
5289,764
5289,790
5289,832
5289,926
5289,1146
5289,1193
5289,1694
5289,2427
5289,2697
5289,3491
5289,4236
5289,5305
5289,5306
5289,5832
5289,5833
5132,1
5132,2
5132,4
5132,12
5132,18
5132,26
5132,61
5132,66
5132,68
5132,69
5132,73
5132,75
5132,79
5132,88
5132,101
5132,105
5132,155
5132,189
5132,215
5132,246
5132,260
5132,308
5132,313
5132,360
5132,373
5132,385
5132,389
5132,392
5132,409
5132,437
5132,449
5132,630
5132,641
5132,747
5132,750
5132,888
5132,1096
5132,1150
5132,1192
5132,1325
5132,1345
5132,1562
5132,1829
5132,1928
5132,1951
5132,1954
5132,2407
5132,2634
5132,3955
5132,5641
2499,2
2499,30
2499,34
2499,48
2499,61
2499,68
2499,70
2499,71
2499,72
2499,74
2499,78
2499,79
2499,90
2499,91
2499,101
2499,167
2499,170
2499,198
2499,214
2499,216
2499,278
2499,280
2499,282
2499,291
2499,363
2499,373
2499,441
2499,479
2499,482
2499,545
2499,604
2499,614
2499,969
2499,1225
2499,1310
2499,1606
2499,1616
2499,1631
2499,1835
2499,1864
2499,2487
2499,2591
2499,2595
2499,2911
2499,3013
2499,3049
2499,3081
2499,4118
2499,4119
2499,4120
38,2
38,6
38,12
38,18
38,20
38,21
38,24
38,26
38,29
38,30
38,34
38,37
38,43
38,48
38,49
38,50
38,65
38,67
38,76
38,79
38,81
38,83
38,93
38,101
38,121
38,124
38,155
38,180
38,182
38,229
38,338
38,359
38,367
38,373
38,442
38,460
38,492
38,511
38,518
38,551
38,555
38,589
38,653
38,654
38,655
38,656
38,657
38,658
38,659
38,660
13,11
13,22
13,23
13,38
13,50
13,60
13,61
13,66
13,69
13,73
13,74
13,77
13,107
13,138
13,183
13,188
13,192
13,250
13,251
13,273
13,274
13,275
13,276
13,277
13,278
13,279
13,280
13,281
13,282
13,283
13,284
13,285
13,286
13,287
13,288
13,289
13,290
13,291
13,292
13,293
13,294
13,295
13,296
13,297
13,298
13,299
13,300
13,301
13,302
13,303
1575,4
1575,6
1575,14
1575,34
1575,45
1575,48
1575,50
1575,74
1575,75
1575,81
1575,87
1575,89
1575,100
1575,101
1575,154
1575,166
1575,168
1575,202
1575,304
1575,307
1575,309
1575,313
1575,338
1575,375
1575,389
1575,402
1575,429
1575,446
1575,496
1575,582
1575,584
1575,867
1575,1073
1575,1126
1575,1195
1575,1233
1575,1457
1575,1582
1575,2173
1575,2174
1575,2359
1575,2963
1575,3300
1575,3301
1575,3302
1575,3303
1575,3304
1575,3305
1575,3306
1575,3307
20863,1
20863,4
20863,18
20863,21
20863,41
20863,63
20863,81
20863,88
20863,101
20863,117
20863,141
20863,154
20863,159
20863,161
20863,165
20863,292
20863,313
20863,387
20863,389
20863,407
20863,432
20863,558
20863,651
20863,654
20863,780
20863,1382
20863,1387
20863,1647
20863,1740
20863,1741
20863,1800
20863,2046
20863,2206
20863,2235
20863,2262
20863,2352
20863,2595
20863,3377
20863,3378
20863,3664
20863,3839
20863,4056
20863,4099
20863,4227
20863,4500
20863,5751
20863,5864
20863,6333
20863,7492
20863,7566
21535,4
21535,6
21535,23
21535,34
21535,45
21535,50
21535,61
21535,62
21535,63
21535,66
21535,71
21535,74
21535,81
21535,93
21535,118
21535,149
21535,163
21535,175
21535,176
21535,218
21535,287
21535,355
21535,429
21535,441
21535,558
21535,710
21535,781
21535,865
21535,867
21535,936
21535,1513
21535,1969
21535,2170
21535,2456
21535,2640
21535,3338
21535,3396
21535,3484
21535,3503
21535,3691
21535,3859
21535,4106
21535,4482
21535,4562
21535,4920
21535,4921
21535,7066
21535,8176
21535,8177
21535,8178
3,1
3,2
3,4
3,6
3,12
3,14
3,18
3,19
3,21
3,22
3,24
3,30
3,38
3,45
3,48
3,49
3,60
3,61
3,62
3,63
3,64
3,65
3,66
3,67
3,68
3,69
3,70
3,71
3,72
3,73
3,74
3,75
3,76
3,77
3,78
3,79
3,80
3,81
3,82
3,83
3,84
3,85
3,86
3,87
3,88
3,89
3,90
3,91
3,92
3,93
2578,1
2578,7
2578,12
2578,15
2578,23
2578,25
2578,39
2578,45
2578,60
2578,68
2578,70
2578,74
2578,78
2578,80
2578,93
2578,169
2578,212
2578,341
2578,931
2578,1481
2578,2323
2578,3058
2578,3724
875,1
875,2
875,4
875,6
875,12
875,18
875,21
875,30
875,40
875,45
875,49
875,60
875,61
875,62
875,63
875,66
875,67
875,68
875,69
875,70
875,71
875,74
875,78
875,79
875,81
875,82
875,83
875,85
875,88
875,92
875,156
875,198
875,199
875,200
875,203
875,233
875,376
875,446
875,485
875,488
875,492
875,704
875,1013
875,1014
875,1169
875,1443
875,1902
875,2136
875,2602
875,2603
18936,1
18936,2
18936,4
18936,6
18936,12
18936,18
18936,21
18936,34
18936,38
18936,45
18936,63
18936,71
18936,72
18936,76
18936,79
18936,87
18936,88
18936,105
18936,121
18936,154
18936,173
18936,180
18936,188
18936,234
18936,308
18936,389
18936,394
18936,399
18936,401
18936,402
18936,546
18936,608
18936,612
18936,751
18936,1013
18936,1021
18936,1084
18936,1088
18936,1173
18936,1241
18936,1492
18936,1493
18936,1521
18936,1850
18936,1928
18936,1931
18936,2136
18936,4149
18936,5775
18936,7250
350,2
350,21
350,24
350,40
350,48
350,62
350,63
350,65
350,71
350,80
350,83
350,155
350,170
350,310
350,323
350,433
350,460
350,589
350,740
350,749
350,759
350,802
350,805
350,807
350,822
350,942
350,1392
350,1407
350,1409
350,1421
350,1431
350,1866
350,1867
350,1868
350,1869
350,1870
350,1871
350,1872
164,2
164,4
164,6
164,12
164,14
164,18
164,24
164,29
164,37
164,72
164,74
164,77
164,79
164,88
164,149
164,211
164,238
164,309
164,310
164,368
164,376
164,399
164,435
164,441
164,460
164,511
164,515
164,517
164,555
164,589
164,597
164,600
164,749
164,759
164,807
164,809
164,936
164,1180
164,1186
164,1190
164,1407
164,1408
164,1409
164,1410
164,1411
164,1412
164,1413
164,1414
164,1415
164,1416
62,1
62,2
62,4
62,6
62,12
62,21
62,24
62,26
62,33
62,38
62,45
62,49
62,60
62,61
62,68
62,69
62,71
62,77
62,86
62,122
62,215
62,328
62,335
62,367
62,373
62,442
62,446
62,515
62,517
62,552
62,585
62,614
62,657
62,661
62,666
62,756
62,763
62,799
62,823
62,839
62,840
62,841
62,842
62,843
62,844
62,845
62,846
62,847
62,848
62,849
170,2
170,12
170,14
170,21
170,24
170,37
170,74
170,75
170,153
170,184
170,260
170,261
170,262
170,360
170,517
170,547
170,589
170,617
170,686
170,870
170,905
170,973
170,1363
170,1430
170,1431
170,1432
170,1433
170,1434
170,1435
170,1436
50,6
50,11
50,12
50,21
50,24
50,26
50,30
50,31
50,45
50,48
50,66
50,67
50,68
50,69
50,70
50,71
50,74
50,77
50,81
50,85
50,86
50,91
50,92
50,164
50,173
50,188
50,206
50,238
50,246
50,279
50,286
50,313
50,430
50,487
50,492
50,541
50,555
50,653
50,658
50,749
50,750
50,751
50,752
50,753
50,754
50,755
50,756
50,757
50,758
50,759
357,18
357,19
357,23
357,66
357,68
357,69
357,71
357,73
357,101
357,180
357,185
357,198
357,747
357,749
357,1719
357,1883
357,1884
24004,23
24004,101
24004,256
24004,309
24004,545
24004,747
422,2
422,19
422,21
422,29
422,45
422,49
422,60
422,61
422,62
422,63
422,68
422,69
422,101
422,198
422,230
422,246
422,304
422,359
422,432
422,487
422,747
422,750
422,957
422,970
422,1051
422,1241
422,1461
422,1596
422,1719
422,1740
422,1759
422,1883
422,1884
422,2011
422,2012
422,2013
422,2014
422,2015
422,2016
422,2017
422,2018
422,2019
422,2020
422,2021
422,2022
422,2023
422,2024
422,2025
422,2026
422,2027
31116,23
31116,101
31116,747
31116,1719
31116,2012
9,1
9,2
9,6
9,11
9,18
9,20
9,21
9,22
9,27
9,34
9,38
9,39
9,45
9,49
9,53
9,65
9,66
9,67
9,68
9,72
9,73
9,74
9,75
9,83
9,85
9,88
9,93
9,101
9,126
9,153
9,156
9,179
9,180
9,181
9,182
9,183
9,184
9,185
9,186
9,187
9,188
9,189
9,190
9,191
9,192
9,193
9,194
9,195
9,196
9,197
195,1
195,2
195,3
195,4
195,6
195,18
195,21
195,34
195,40
195,45
195,51
195,53
195,68
195,69
195,73
195,74
195,165
195,166
195,180
195,229
195,278
195,304
195,305
195,338
195,406
195,441
195,480
195,496
195,751
195,867
195,868
195,877
195,919
195,1241
195,1435
195,1492
195,1493
195,1494
195,1495
195,1496
195,1497
195,1498
195,1499
195,1500
195,1501
195,1502
195,1503
195,1504
195,1505
195,1506
680,867
680,868
680,1492
8,1
8,2
8,4
8,6
8,12
8,18
8,21
8,23
8,40
8,41
8,46
8,48
8,49
8,60
8,65
8,72
8,74
8,76
8,77
8,86
8,87
8,92
8,93
8,105
8,149
8,154
8,155
8,156
8,157
8,158
8,159
8,160
8,161
8,162
8,163
8,164
8,165
8,166
8,167
8,168
8,169
8,170
8,171
8,172
8,173
8,174
8,175
8,176
8,177
8,178
394,2
394,6
394,12
394,49
394,67
394,74
394,78
394,81
394,86
394,124
394,127
394,176
394,178
394,230
394,243
394,247
394,309
394,310
394,354
394,405
394,547
394,790
394,913
394,914
394,1137
394,1349
394,1720
394,1856
394,1915
394,1943
394,1944
394,1945
394,1946
394,1947
393,1
393,6
393,21
393,48
393,49
393,62
393,67
393,72
393,77
393,83
393,86
393,160
393,176
393,178
393,186
393,484
393,630
393,633
393,654
393,1289
393,1349
393,1635
393,1757
393,1936
393,1937
393,1938
393,1939
393,1940
393,1941
393,1942
91,1
91,2
91,6
91,8
91,12
91,21
91,33
91,40
91,45
91,49
91,67
91,68
91,74
91,93
91,104
91,108
91,117
91,119
91,121
91,124
91,229
91,396
91,405
91,441
91,485
91,531
91,609
91,615
91,631
91,657
91,679
91,704
91,710
91,832
91,871
91,926
91,931
91,1057
91,1058
91,1059
91,1060
91,1061
91,1062
91,1063
91,1064
91,1065
91,1066
91,1067
91,1068
91,1069
265,6
265,8
265,12
265,18
265,21
265,37
265,40
265,49
265,76
265,87
265,93
265,101
265,122
265,123
265,159
265,168
265,170
265,180
265,229
265,239
265,348
265,359
265,396
265,403
265,406
265,412
265,446
265,478
265,531
265,585
265,657
265,679
265,710
265,715
265,819
265,844
265,870
265,903
265,926
265,986
265,1062
265,1175
265,1696
265,1697
265,1698
265,1699
265,1700
265,1701
265,1702
568,4
568,6
568,12
568,18
568,21
568,31
568,40
568,45
568,48
568,68
568,74
568,78
568,79
568,88
568,173
568,180
568,188
568,244
568,277
568,278
568,279
568,321
568,341
568,376
568,429
568,441
568,483
568,516
568,531
568,552
568,574
568,592
568,597
568,677
568,710
568,763
568,969
568,1223
568,1453
568,1505
568,1632
568,1633
568,1655
568,1750
568,1855
568,2013
568,2237
568,2238
568,2239
568,2240
1081,1
1081,2
1081,6
1081,12
1081,18
1081,21
1081,30
1081,33
1081,34
1081,40
1081,45
1081,49
1081,61
1081,67
1081,69
1081,70
1081,88
1081,121
1081,154
1081,155
1081,161
1081,170
1081,189
1081,211
1081,214
1081,216
1081,229
1081,233
1081,236
1081,308
1081,313
1081,385
1081,406
1081,555
1081,670
1081,679
1081,740
1081,747
1081,860
1081,877
1081,1098
1081,1204
1081,1382
1081,1402
1081,1435
1081,1504
1081,1571
1081,1827
1081,2274
1081,2863
107,1
107,2
107,4
107,6
107,12
107,18
107,21
107,26
107,35
107,41
107,46
107,88
107,89
107,101
107,105
107,149
107,154
107,159
107,308
107,313
107,385
107,387
107,389
107,390
107,399
107,403
107,431
107,492
107,562
107,596
107,674
107,724
107,750
107,830
107,832
107,833
107,865
107,926
107,965
107,1190
107,1191
107,1192
107,1193
107,1194
107,1195
107,1196
107,1197
107,1198
107,1199
107,1200
61,2
61,18
61,24
61,26
61,37
61,88
61,92
61,178
61,187
61,188
61,254
61,260
61,288
61,290
61,313
61,322
61,323
61,742
61,749
61,805
61,830
61,831
61,832
61,833
61,834
61,835
61,836
61,837
61,838
6786,6
6786,12
6786,19
6786,21
6786,23
6786,45
6786,48
6786,68
6786,70
6786,78
6786,87
6786,101
6786,105
6786,126
6786,154
6786,159
6786,161
6786,313
6786,321
6786,359
6786,406
6786,435
6786,444
6786,497
6786,545
6786,703
6786,704
6786,740
6786,832
6786,833
6786,834
6786,1034
6786,1057
6786,1098
6786,1146
6786,1173
6786,1186
6786,1192
6786,1376
6786,1378
6786,1382
6786,1443
6786,1515
6786,3456
6786,3901
6786,3915
6786,4228
6786,4738
6786,5288
6786,5740
32710,4
32710,6
32710,18
32710,21
32710,45
32710,49
32710,62
32710,63
32710,88
32710,103
32710,117
32710,149
32710,161
32710,170
32710,180
32710,292
32710,338
32710,387
32710,388
32710,389
32710,492
32710,578
32710,832
32710,833
32710,834
32710,958
32710,1106
32710,1199
32710,1382
32710,1602
32710,1800
32710,1870
32710,2046
32710,2065
32710,2190
32710,2249
32710,2331
32710,2602
32710,3377
32710,3378
32710,3679
32710,4056
32710,4961
32710,6599
32710,6674
32710,7630
32710,9814
32710,10959
32710,11691
32710,11757
10,6
10,19
10,21
10,45
10,48
10,60
10,61
10,62
10,63
10,65
10,66
10,67
10,69
10,70
10,71
10,73
10,75
10,76
10,83
10,84
10,85
10,87
10,90
10,91
10,95
10,99
10,155
10,186
10,188
10,195
10,196
10,198
10,199
10,200
10,201
10,202
10,203
10,204
10,205
10,206
10,207
10,208
10,209
10,210
10,211
10,212
10,213
10,214
10,215
10,216
21367,72
21367,127
21367,375
21367,717
21367,1770
4023,6
4023,12
4023,21
4023,40
4023,69
4023,71
4023,74
4023,81
4023,87
4023,127
4023,176
4023,215
4023,321
4023,349
4023,354
4023,356
4023,358
4023,437
4023,442
4023,446
4023,563
4023,846
4023,858
4023,978
4023,1051
4023,1053
4023,1108
4023,1186
4023,1406
4023,1457
4023,1494
4023,1695
4023,1850
4023,2118
4023,2211
4023,2245
4023,2471
4023,2499
4023,3046
4023,3667
4023,3887
4023,3913
4023,4519
4023,5157
4023,5158
4023,5159
4023,5160
4023,5161
4023,5162
4023,5163
176,1
176,2
176,6
176,9
176,12
176,18
176,20
176,22
176,23
176,30
176,31
176,38
176,39
176,43
176,60
176,65
176,73
176,74
176,75
176,76
176,81
176,99
176,101
176,127
176,129
176,154
176,161
176,187
176,195
176,211
176,229
176,234
176,239
176,264
176,287
176,310
176,326
176,373
176,424
176,441
176,819
176,832
176,1034
176,1124
176,1384
176,1404
176,1460
176,1461
176,1462
176,1463
447,4
447,22
447,23
447,41
447,72
447,101
447,362
447,511
447,659
447,819
447,1034
447,2076
447,2077
447,2078
442,22
442,45
442,78
442,79
442,92
442,164
442,783
442,819
442,858
442,1034
442,1376
442,1402
442,1918
442,2068
442,2069
442,2070
442,2071
11,2
11,6
11,11
11,20
11,21
11,22
11,24
11,30
11,31
11,38
11,45
11,48
11,60
11,65
11,67
11,68
11,70
11,72
11,73
11,74
11,75
11,76
11,78
11,83
11,92
11,93
11,164
11,175
11,177
11,194
11,195
11,196
11,211
11,229
11,230
11,231
11,232
11,233
11,234
11,235
11,236
11,237
11,238
11,239
11,240
11,241
11,242
11,243
11,244
11,245
75,1
75,3
75,6
75,12
75,15
75,18
75,21
75,23
75,25
75,27
75,33
75,34
75,38
75,49
75,53
75,68
75,70
75,83
75,88
75,92
75,101
75,106
75,117
75,123
75,146
75,155
75,180
75,185
75,211
75,275
75,442
75,535
75,543
75,596
75,659
75,869
75,918
75,919
75,920
75,921
75,922
75,923
75,924
75,925
75,926
75,927
75,928
75,929
75,930
75,931
106,1
106,2
106,34
106,39
106,60
106,74
106,1079
106,1189
30,1
30,2
30,4
30,6
30,12
30,14
30,18
30,22
30,30
30,31
30,32
30,45
30,49
30,68
30,69
30,70
30,71
30,74
30,75
30,81
30,88
30,108
30,122
30,127
30,137
30,154
30,196
30,209
30,308
30,313
30,367
30,375
30,389
30,429
30,442
30,446
30,515
30,517
30,547
30,548
30,549
30,550
30,551
30,552
30,553
30,554
30,555
30,556
30,557
30,558
2,1
2,2
2,3
2,4
2,5
2,6
2,7
2,8
2,9
2,10
2,11
2,12
2,13
2,14
2,15
2,16
2,17
2,18
2,19
2,20
2,21
2,22
2,23
2,24
2,25
2,26
2,27
2,28
2,29
2,30
2,31
2,32
2,33
2,34
2,35
2,36
2,37
2,38
2,39
2,40
2,41
2,42
2,43
2,44
2,45
2,46
2,47
2,48
2,49
2,50
122,1
122,2
122,4
122,6
122,12
122,18
122,19
122,21
122,22
122,30
122,41
122,45
122,46
122,48
122,49
122,60
122,61
122,66
122,68
122,69
122,70
122,71
122,72
122,74
122,76
122,78
122,79
122,85
122,87
122,88
122,101
122,105
122,154
122,198
122,211
122,215
122,229
122,239
122,246
122,313
122,338
122,359
122,373
122,376
122,441
122,442
122,454
122,582
122,614
122,1186
465,1
465,2
465,4
465,6
465,12
465,20
465,21
465,23
465,31
465,34
465,35
465,37
465,39
465,47
465,49
465,65
465,73
465,76
465,79
465,85
465,89
465,100
465,154
465,162
465,165
465,237
465,376
465,406
465,431
465,496
465,540
465,659
465,702
465,780
465,782
465,785
465,926
465,972
465,1125
465,1236
465,1509
465,1832
465,2106
465,2107
465,2108
465,2109
465,2110
465,2111
465,2112
465,2113
1033,2
1033,6
1033,12
1033,14
1033,45
1033,75
1033,81
1033,89
1033,145
1033,187
1033,190
1033,193
1033,211
1033,280
1033,288
1033,357
1033,375
1033,539
1033,577
1033,608
1033,690
1033,808
1033,1251
1033,2079
812,187
812,190
127,1
127,2
127,4
127,6
127,12
127,14
127,18
127,21
127,24
127,30
127,31
127,32
127,45
127,46
127,48
127,65
127,66
127,68
127,72
127,73
127,74
127,75
127,76
127,77
127,78
127,79
127,81
127,83
127,85
127,89
127,92
127,93
127,149
127,154
127,155
127,187
127,188
127,307
127,323
127,375
127,437
127,479
127,481
127,492
127,518
127,564
127,614
127,843
127,1051
127,1246
481,187
481,190
194,2
194,14
194,24
194,31
194,45
194,48
194,75
194,86
194,87
194,89
194,93
194,155
194,169
194,176
194,234
194,254
194,257
194,258
194,488
194,492
194,817
194,1330
194,1488
194,1489
194,1490
194,1491
58,2
58,4
58,6
58,12
58,14
58,18
58,20
58,23
58,24
58,31
58,37
58,41
58,46
58,60
58,73
58,74
58,75
58,86
58,87
58,88
58,89
58,93
58,101
58,107
58,155
58,156
58,169
58,180
58,182
58,187
58,190
58,193
58,236
58,244
58,246
58,253
58,254
58,263
58,310
58,323
58,359
58,389
58,432
58,688
58,760
58,779
58,817
58,818
58,819
58,820
706,2
706,14
706,24
706,31
706,75
706,89
706,90
706,273
706,286
706,288
706,335
706,843
706,2004
706,2438
256,6
256,12
256,18
256,20
256,21
256,22
256,39
256,40
256,41
256,46
256,72
256,74
256,100
256,105
256,121
256,122
256,188
256,236
256,247
256,350
256,396
256,411
256,414
256,453
256,511
256,521
256,593
256,617
256,619
256,659
256,660
256,664
256,677
256,678
256,751
256,798
256,832
256,905
256,1058
256,1093
256,1358
256,1467
256,1505
256,1571
256,1685
256,1686
256,1687
256,1688
256,1689
256,1690
299,6
299,18
299,41
299,163
299,359
299,535
299,583
299,747
299,926
299,1194
299,1197
299,1786
606,1
606,2
606,4
606,6
606,11
606,18
606,22
606,30
606,38
606,41
606,45
606,48
606,49
606,51
606,60
606,65
606,68
606,69
606,70
606,71
606,75
606,78
606,79
606,122
606,133
606,148
606,244
606,255
606,261
606,292
606,373
606,376
606,389
606,431
606,446
606,555
606,585
606,634
606,663
606,704
606,840
606,922
606,959
606,1013
606,1217
606,1225
606,1351
606,2275
606,2285
606,2286
351,2
351,6
351,12
351,14
351,21
351,24
351,30
351,31
351,35
351,48
351,49
351,65
351,67
351,68
351,71
351,73
351,74
351,75
351,76
351,77
351,78
351,81
351,83
351,85
351,92
351,93
351,99
351,104
351,127
351,145
351,156
351,188
351,229
351,239
351,244
351,250
351,255
351,286
351,367
351,460
351,515
351,545
351,608
351,654
351,691
351,967
351,983
351,1032
351,1173
351,1874
44,2
44,8
44,30
44,48
44,65
44,70
44,75
44,76
44,87
44,123
44,128
44,155
44,169
44,177
44,219
44,244
44,247
44,260
44,415
44,483
44,488
44,521
44,522
44,525
44,563
44,599
44,600
44,630
44,679
44,686
44,687
44,688
44,689
44,690
44,691
44,692
44,693
44,694
44,695
44,696
44,697
44,698
44,699
44,700
44,701
30495,76
30495,699
23797,21
23797,49
23797,69
23797,70
23797,71
23797,76
23797,83
23797,210
23797,215
23797,253
23797,497
23797,654
23797,699
23797,1013
23797,1393
23797,1528
23797,1562
23797,2164
23797,2603
23797,2676
23797,6799
23797,7074
23797,7497
22795,75
22795,132
22795,133
22795,229
22795,260
22795,431
22795,1209
22795,1235
22795,2013
22795,2210
264,12
264,38
264,46
264,48
264,65
264,75
264,132
264,133
264,307
264,322
264,323
264,479
264,520
264,1034
264,1137
264,1204
264,1211
264,1275
655,28
655,48
655,2242
96,2
96,6
96,19
96,20
96,21
96,24
96,26
96,30
96,34
96,39
96,45
96,49
96,66
96,67
96,69
96,74
96,76
96,79
96,81
96,85
96,141
96,308
96,313
96,373
96,376
96,400
96,406
96,429
96,432
96,437
96,482
96,488
96,563
96,614
96,714
96,758
96,760
96,809
96,1002
96,1047
96,1096
96,1097
96,1098
96,1099
96,1100
96,1101
96,1102
96,1103
96,1104
96,1105
578,1
578,22
578,30
578,45
578,63
578,66
578,72
578,215
578,352
578,376
578,446
578,569
578,945
578,957
578,1013
578,1014
578,1157
578,1177
578,1290
578,1523
578,1734
578,1757
578,1861
578,2057
578,2083
578,2116
578,2158
578,2164
578,2211
578,2243
578,2244
578,2245
578,2246
578,2247
578,2248
578,2249
578,2250
578,2251
578,2252
578,2253
578,2254
163,2
163,4
163,12
163,18
163,24
163,31
163,65
163,68
163,73
163,75
163,76
163,89
163,125
163,127
163,149
163,154
163,173
163,307
163,389
163,429
163,435
163,438
163,448
163,545
163,586
163,751
163,999
163,1036
163,1037
163,1250
163,1399
163,1400
163,1401
163,1402
163,1403
163,1404
163,1405
163,1406
584,2
584,6
584,14
584,18
584,24
584,74
584,75
584,89
584,176
584,188
584,424
584,431
22,2
22,4
22,6
22,12
22,21
22,24
22,26
22,29
22,30
22,34
22,45
22,48
22,49
22,60
22,63
22,68
22,69
22,70
22,72
22,73
22,74
22,75
22,79
22,85
22,88
22,89
22,92
22,121
22,122
22,154
22,180
22,244
22,313
22,367
22,375
22,377
22,396
22,446
22,447
22,448
22,449
22,450
22,451
22,452
22,453
22,454
22,455
22,456
22,457
22,458
2941,2
2941,24
2941,29
2941,76
2941,79
2941,188
2941,479
2941,612
2941,1807
17876,2
17876,6
17876,22
17876,24
17876,43
17876,45
17876,48
17876,49
17876,61
17876,71
17876,72
17876,75
17876,81
17876,85
17876,87
17876,155
17876,168
17876,176
17876,188
17876,198
17876,251
17876,406
17876,429
17876,446
17876,479
17876,814
17876,931
17876,1058
17876,1168
17876,1186
17876,1249
17876,1300
17876,1394
17876,1453
17876,1848
17876,2377
17876,2415
17876,2832
17876,4090
17876,4130
17876,5216
17876,5774
17876,6102
17876,7027
17876,7028
17876,7029
17876,7030
17876,7031
17876,7032
17876,7033
79,2
79,4
79,6
79,12
79,14
79,18
79,21
79,24
79,31
79,34
79,43
79,45
79,68
79,72
79,75
79,76
79,77
79,89
79,105
79,121
79,140
79,193
79,211
79,215
79,253
79,287
79,307
79,313
79,359
79,375
79,399
79,406
79,424
79,431
79,441
79,454
79,479
79,511
79,531
79,615
79,659
79,787
79,817
79,870
79,950
79,951
79,952
79,953
79,954
79,955
92,2
92,6
92,12
92,21
92,31
92,37
92,50
92,66
92,68
92,69
92,71
92,72
92,74
92,75
92,77
92,87
92,93
92,94
92,103
92,132
92,138
92,155
92,198
92,203
92,207
92,250
92,273
92,281
92,287
92,307
92,323
92,375
92,429
92,479
92,496
92,582
92,604
92,617
92,630
92,861
92,901
92,1071
92,1072
92,1073
92,1074
92,1075
92,1076
92,1077
92,1078
92,1079
246,6
246,18
246,26
246,30
246,32
246,62
246,68
246,69
246,71
246,83
246,86
246,88
246,90
246,92
246,99
246,154
246,164
246,186
246,196
246,198
246,201
246,241
246,246
246,313
246,387
246,389
246,417
246,449
246,555
246,688
246,790
246,845
246,968
246,1060
246,1241
246,1284
246,1285
246,1308
246,1465
246,1515
246,1635
246,1658
246,1659
246,1660
246,1661
246,1662
246,1663
418,1
418,2
418,14
418,34
418,40
418,45
418,67
418,68
418,72
418,78
418,92
418,121
418,155
418,164
418,175
418,185
418,187
418,211
418,229
418,234
418,237
418,246
418,286
418,294
418,438
418,512
418,521
418,563
418,597
418,608
418,609
418,692
418,697
418,751
418,764
418,801
418,931
418,973
418,1061
418,1089
418,1113
418,1432
418,1433
418,2005
418,2006
418,2007
418,2008
649,92
649,164
649,1819
13906,23
13906,45
13906,68
13906,72
13906,76
13906,138
13906,451
13906,534
13906,563
13906,717
13906,1014
13906,1204
13906,1767
13906,2341
13906,6770
13906,6771
633,1
633,74
633,143
633,441
633,488
633,521
633,522
633,563
633,1635
633,2341
633,2342
1370,1
1370,6
1370,12
1370,18
1370,19
1370,21
1370,22
1370,34
1370,45
1370,60
1370,61
1370,62
1370,63
1370,66
1370,69
1370,70
1370,71
1370,74
1370,75
1370,83
1370,85
1370,87
1370,88
1370,154
1370,180
1370,198
1370,201
1370,205
1370,209
1370,212
1370,213
1370,246
1370,278
1370,280
1370,308
1370,401
1370,406
1370,435
1370,454
1370,582
1370,814
1370,959
1370,1204
1370,1310
1370,2344
1370,2627
1370,3044
1370,3117
1370,3118
1370,3119
178,4
178,6
178,12
178,18
178,21
178,23
178,46
178,49
178,72
178,75
178,79
178,88
178,89
178,93
178,94
178,99
178,100
178,104
178,105
178,108
178,117
178,121
178,126
178,149
178,185
178,307
178,355
178,376
178,583
178,1199
178,1466
178,1467
178,1468
95,4
95,11
95,12
95,18
95,30
95,48
95,68
95,70
95,73
95,74
95,75
95,76
95,78
95,83
95,88
95,93
95,133
95,186
95,211
95,215
95,240
95,242
95,266
95,291
95,307
95,313
95,376
95,399
95,401
95,545
95,581
95,726
95,731
95,784
95,997
95,1081
95,1082
95,1083
95,1084
95,1085
95,1086
95,1087
95,1088
95,1089
95,1090
95,1091
95,1092
95,1093
95,1094
95,1095
617,12
617,18
617,46
617,101
617,165
617,338
617,359
617,714
617,1196
617,2133
617,2296
33805,4
33805,18
33805,62
33805,338
33805,359
33805,3377
33805,5101
531,92
531,93
531,123
531,304
531,305
531,406
1185,2
1185,4
1185,21
1185,46
1185,51
1185,61
1185,75
1185,88
1185,93
1185,117
1185,123
1185,164
1185,180
1185,219
1185,278
1185,304
1185,305
1185,313
1185,370
1185,389
1185,403
1185,406
1185,489
1185,600
1185,750
1185,799
1185,993
1185,1146
1185,1206
1185,1445
1185,1508
1185,2522
1185,2959
1185,2971
1185,2972
1185,2973
1185,2974
1185,2975
1185,2976
540,2
540,6
540,12
540,14
540,18
540,19
540,21
540,24
540,31
540,37
540,39
540,40
540,48
540,49
540,74
540,75
540,76
540,78
540,108
540,119
540,123
540,141
540,182
540,230
540,234
540,373
540,377
540,396
540,424
540,484
540,515
540,535
540,564
540,590
540,618
540,631
540,657
540,659
540,707
540,726
540,1059
540,1173
540,1412
540,1416
540,1738
540,1922
540,2203
540,2204
540,2205
540,2206
37,37
37,38
37,70
37,121
37,309
37,590
37,601
37,641
37,642
37,643
37,644
37,645
37,646
37,647
37,648
37,649
37,650
37,651
37,652
23105,6
23105,12
23105,21
23105,22
23105,37
23105,45
23105,49
23105,62
23105,63
23105,76
23105,108
23105,170
23105,261
23105,368
23105,377
23105,446
23105,450
23105,460
23105,614
23105,648
23105,649
23105,674
23105,764
23105,932
23105,1001
23105,1028
23105,1089
23105,1093
23105,1128
23105,1180
23105,1262
23105,1363
23105,1447
23105,1562
23105,1699
23105,1743
23105,1988
23105,1995
23105,2101
23105,2164
23105,2389
23105,3736
23105,4036
23105,4215
23105,4245
23105,5528
23105,8299
23105,8773
23105,8774
23105,8775
452,2
452,14
452,21
452,31
452,48
452,75
452,133
452,178
452,335
452,343
452,429
452,983
452,1085
452,2079
8836,1
8836,2
8836,6
8836,24
8836,28
8836,29
8836,31
8836,45
8836,61
8836,69
8836,73
8836,74
8836,85
8836,86
8836,92
8836,101
8836,141
8836,145
8836,164
8836,169
8836,176
8836,178
8836,180
8836,256
8836,280
8836,335
8836,343
8836,429
8836,479
8836,482
8836,552
8836,787
8836,843
8836,924
8836,1241
8836,1586
8836,1614
8836,1740
8836,2322
8836,2455
8836,2728
8836,3061
8836,3202
8836,3927
8836,4223
8836,4300
8836,4659
8836,6033
8836,6308
8836,6309
22478,31
22478,178
22478,429
22478,608
22478,612
22478,1018
22478,5203
22478,8549
723,23
723,76
723,1463
687,23
687,65
687,75
687,76
687,307
687,375
687,449
687,1463
687,1788
687,2210
687,2241
631,2
631,4
631,6
631,24
631,45
631,48
631,70
631,72
631,74
631,75
631,77
631,81
631,85
631,89
631,157
631,188
631,211
631,244
631,288
631,309
631,333
631,376
631,426
631,449
631,481
631,811
631,969
631,1002
631,1051
631,1092
631,1278
631,1406
631,1494
631,1682
631,1759
631,1981
631,2271
631,2308
631,2309
631,2310
631,2311
631,2312
631,2313
631,2314
631,2315
631,2316
631,2317
717,6
21,1
21,2
21,4
21,6
21,12
21,18
21,19
21,21
21,30
21,45
21,48
21,49
21,60
21,65
21,66
21,68
21,70
21,72
21,73
21,74
21,75
21,76
21,78
21,79
21,85
21,87
21,88
21,89
21,90
21,92
21,121
21,154
21,164
21,166
21,177
21,211
21,215
21,229
21,246
21,247
21,313
21,373
21,376
21,435
21,437
21,441
21,442
21,443
21,444
21,445
141,2
141,6
141,11
141,12
141,18
141,21
141,38
141,45
141,48
141,49
141,61
141,67
141,68
141,70
141,71
141,75
141,81
141,87
141,93
141,121
141,122
141,124
141,145
141,157
141,161
141,229
141,321
141,323
141,324
141,325
141,375
141,427
141,439
141,440
141,530
141,582
141,584
141,742
141,968
141,1049
141,1132
141,1279
141,1280
141,1281
141,1282
141,1283
141,1284
141,1285
141,1286
141,1287
86,6
86,11
86,12
86,19
86,26
86,30
86,38
86,48
86,71
86,74
86,76
86,155
86,156
86,173
86,189
86,230
86,234
86,242
86,375
86,376
86,514
86,586
86,596
86,620
86,654
86,688
86,751
86,760
86,973
86,993
86,1032
86,1033
86,1034
86,1035
86,1036
86,1037
86,1038
86,1039
86,1040
86,1041
33,2
33,6
33,18
33,21
33,24
33,38
33,48
33,69
33,72
33,75
33,89
33,93
33,100
33,121
33,122
33,164
33,196
33,214
33,235
33,255
33,260
33,285
33,399
33,405
33,446
33,484
33,492
33,574
33,575
33,576
33,577
33,578
33,579
33,580
33,581
33,582
33,583
33,584
33,585
33,586
33,587
33,588
33,589
33,590
33,591
33,592
33,593
33,594
33,595
33,596
72,2
72,6
72,8
72,12
72,14
72,21
72,22
72,45
72,49
72,68
72,69
72,71
72,74
72,75
72,78
72,117
72,155
72,199
72,229
72,292
72,307
72,396
72,522
72,617
72,619
72,629
72,630
72,655
72,674
72,713
72,749
72,893
72,894
72,895
72,896
72,897
72,898
72,899
72,900
72,901
72,902
72,903
72,904
72,905
72,906
72,907
72,908
72,909
72,910
72,911
1221,2
1221,14
1221,75
1221,307
1221,905
23981,2
23981,14
23981,62
23981,75
23981,307
23981,360
23981,517
23981,599
23981,632
23981,764
23981,905
23981,1294
23981,1789
23981,2241
23981,2608
23981,3042
23981,3082
23981,3538
23981,3618
23981,4031
23981,5203
23981,5302
23981,5717
23981,8379
23981,9026
23981,9027
23981,9028
23981,9029
23981,9030
18,2
18,4
18,6
18,18
18,21
18,48
18,49
18,68
18,70
18,71
18,74
18,76
18,79
18,87
18,89
18,93
18,104
18,106
18,117
18,155
18,176
18,188
18,229
18,338
18,348
18,354
18,355
18,356
18,357
18,358
18,359
18,360
18,361
18,362
18,363
18,364
18,365
18,366
18,367
18,368
18,369
18,370
18,371
18,372
18,373
18,374
18,375
18,376
18,377
146,1
146,2
146,4
146,6
146,12
146,14
146,18
146,20
146,24
146,46
146,49
146,60
146,65
146,68
146,81
146,88
146,89
146,101
146,105
146,154
146,214
146,229
146,236
146,260
146,308
146,375
146,396
146,406
146,407
146,424
146,431
146,441
146,442
146,634
146,832
146,833
146,859
146,963
146,1150
146,1161
146,1193
146,1325
146,1329
146,1330
146,1331
146,1332
146,1333
146,1334
146,1335
146,1336
708,6
708,74
708,76
708,85
708,86
708,90
708,111
708,155
708,156
708,157
708,162
708,165
708,211
708,230
708,236
708,273
708,310
708,376
708,480
708,677
708,682
708,691
708,717
708,760
708,1176
708,1186
708,1212
708,1237
708,1406
708,1505
708,1561
708,1781
708,1914
708,1917
708,2121
708,2372
708,2373
708,2439
708,2440
708,2441
708,2442
708,2443
708,2444
708,2445
708,2446
708,2447
29,1
29,2
29,4
29,6
29,11
29,29
29,31
29,34
29,43
29,45
29,46
29,49
29,50
29,51
29,53
29,68
29,71
29,72
29,74
29,76
29,77
29,78
29,79
29,81
29,89
29,92
29,101
29,136
29,164
29,173
29,180
29,185
29,211
29,242
29,275
29,278
29,287
29,304
29,305
29,338
29,341
29,359
29,406
29,496
29,541
29,542
29,543
29,544
29,545
29,546
651,2
651,6
651,18
651,23
651,24
651,31
651,65
651,70
651,89
651,91
651,101
651,229
651,306
651,411
651,414
651,452
651,645
651,2013
651,2106
651,2358
